0.0,0.0,0.0,0.0,0.0,0.0
0.0,0.00258523526831383,-0.0028880496943647672,0.00030281442605093817,-1.8881481753152666e-22,-9.648329022874596e-19
-6.413415074228545e-07,0.007480947379209492,-0.00791526013539242,0.0003935408180434517,-6.413415074228551e-07,4.077193813947829e-05
-4.170345723280783e-06,0.014486634720963062,-0.014555267964596873,-2.0559595883281158e-05,-4.094369995626262e-06,1.7815366812765995e-05
-1.3959259532754828e-05,0.02345158156274349,-0.02242920769178881,-0.0011096916626385372,-1.3398249321653e-05,-1.5248187538489679e-05
-3.426438970515e-05,0.03425931321746216,-0.03125855083538385,-0.002948328973543235,-3.211617242145453e-05,-0.00012830511863389898
-7.00704191481155e-05,0.04681644653481512,-0.04083109699879969,-0.005567414551048674,-6.411759940171661e-05,-0.00026918908986240666
-0.00012700539306576166,0.06104583459764275,-0.05098053323189061,-0.00895742323289119,-0.00011345696127686104,-0.00048787583364550503
-0.00021126813023258727,0.07688132909834612,-0.06157067864336715,-0.013097970528847976,-0.00018427914521115368,-0.0007385768430508122
-0.00032958793660742443,0.09426471709484323,-0.07248671121086026,-0.017952146666962897,-0.00028076842845343384,-0.001058765110255334
-0.0004891826593429933,0.11314312602692278,-0.08362759631051057,-0.023484848356653168,-0.00040710167423759934,-0.0014100579132877637
-0.0006977401231356582,0.13346761848375924,-0.09490241611166192,-0.029654636652789317,-0.0005674301814681414,-0.0018214212115202674
-0.0009633971201501411,0.15519180615105438,-0.10622656188748564,-0.036426017104485585,-0.0007658607594172675,-0.002261406910010112
-0.001294739797602735,0.1782711761677547,-0.1175203178634044,-0.04376128749451495,-0.0010064596336646773,-0.002752811399478728
-0.0017008037273736302,0.20266228252457025,-0.12870686799501097,-0.051629272636324997,-0.001293254389531291,-0.00327016183267073
-0.0021910952823944083,0.22832240407183071,-0.13971190379751072,-0.059998027444242236,-0.0016302552173239637,-0.003831565365677122
-0.0027756156572082257,0.2552090341901398,-0.1504625778379708,-0.06884130201715981,-0.0020214739444939394,-0.004416486115032791
-0.0034649070940682434,0.28327970088202475,-0.16088760788377734,-0.07813231020579295,-0.002470959721182643,-0.005039342039877202
-0.004270105425182131,0.31249163164117927,-0.1709167836869807,-0.0878486294299129,-0.0029828327039083495,-0.00568356984256186
-0.0052030168442178375,0.34280166737342466,-0.1804813430792695,-0.09796699454759646,-0.003561332416846645,-0.006360604519087698
-0.00627620577295417,0.3741660495685878,-0.1895138463027989,-0.10846706110037885,-0.004210864815819685,-0.007057011353660374
-0.007503110598954581,0.40654040465081287,-0.19794872785803364,-0.11932710441856784,-0.0049360627696226,-0.00778175450517943
-0.008898177048632624,0.4398796327207292,-0.20572244223786854,-0.1305269341624453,-0.00574184654688453,-0.008523809019768102
-0.010477025453252575,0.47413795870207764,-0.21277414612292664,-0.14204436798511644,-0.0066334972485061735,-0.00929004522701298
-0.012256644887706829,0.5092689166318936,-0.2190460556728565,-0.15385750792892947,-0.007616732221502951,-0.010071244825355622
-0.014255630699295524,0.5452254718792161,-0.2244842294693148,-0.16594187324952597,-0.00869779375464357,-0.010872465177832342
-0.01649446215742517,0.5819601007261775,-0.22903908870261158,-0.17827220310413527,-0.00988354236674254,-0.011685794586222877
-0.018995837987211293,0.6194249892706168,-0.23266627050133612,-0.19082015593108823,-0.011181564356108602,-0.012514690431214417
-0.021785071051710344,0.657572208180495,-0.2353272609141268,-0.20355577274099415,-0.012600286839412318,-0.013352138750748793
-0.024890562368225934,0.6963539906675591,-0.23699027930724959,-0.21644567299305215,-0.014149107997146857,-0.014200163605209863
-0.02834436117806164,0.7357229981727321,-0.2376309661436333,-0.22945429102783146,-0.015838536807655533,-0.015052320607931319
-0.03218283474373472,0.7756326729987698,-0.237233246557424,-0.2425425174268007,-0.017680346869196634,-0.015909336919148885
-0.03644746045940765,0.8160375832199585,-0.2357900044654993,-0.25566880358881244,-0.01968773744665848,-0.016765080053618157
-0.041185767085219246,0.856893836010315,-0.23330386029278757,-0.26878821206472464,-0.02187549985908459,-0.01761909655736862
-0.0464524409764539,0.898159479845628,-0.22978775202266785,-0.28185346930564953,-0.024260175481548088,-0.01846536641354101
-0.05231062084953394,0.9397949518755737,-0.22526554810489285,-0.29481439988221847,-0.026860187853248167,-0.019302354298299386
-0.05883338620918532,0.9817634998369946,-0.2197724398347647,-0.307618997477906,-0.02969591324071192,-0.02012399477918807
-0.06610543193365938,1.024031613339095,-0.21335528145996915,-0.3202132340843773,-0.03278963206757437,-0.020927746469446108
-0.0742248704833852,1.0665693893908081,-0.20607264483420534,-0.3325422281728476,-0.036165263732696025,-0.021707362930562465
-0.08330502526239245,1.109350827263444,-0.19799467002991714,-0.34455046787503557,-0.03984772240414558,-0.02245934618088182
-0.09347591556567111,1.1523539307058652,-0.1892024198801044,-0.3561832294925244,-0.0438616304804102,-0.023177158988316543
-0.10488485224273059,1.19556050061904,-0.17978661267550344,-0.3673874143390123,-0.048228958372176264,-0.02385642720841767
-0.11769505692643005,1.2389553154488642,-0.16984515055683458,-0.3781136429758331,-0.05296491265838628,-0.024490388289866313
-0.13208036709894272,1.2825242480075576,-0.15947874199859735,-0.3883183851196138,-0.05807102273079286,-0.02507426870540058
-0.14821273195039492,1.3262504850160275,-0.14878317251812812,-0.39796790611077576,-0.06352392510558706,-0.025602086628298288
-0.16623728946317515,1.3701076066133433,-0.13783624661653296,-0.40704343677453947,-0.06925794502990593,-0.026071049719460507
-0.18622783327063053,1.4140478173347986,-0.12667669406367654,-0.41554925116338026,-0.07513985899643015,-0.02648059216186777
-0.20811554191652554,1.4579838991248384,-0.11527323951049434,-0.4235225945026455,-0.08093664700418571,-0.02683837037568985
-0.23159167641752315,1.5017659784965645,-0.10348690283068615,-0.43104364691518826,-0.08628453994502151,-0.027162287877585574
-0.2560102060291009,1.5451617383654277,-0.09104336097716385,-0.4382361698953358,-0.09068277996484589,-0.027485812353529787
-0.2803617480810439,1.5878612487504107,-0.07755360581005771,-0.44524321240655446,-0.0935522175440397,-0.027852122260904666
-0.30341735408354564,1.6295325481538316,-0.06262640087593255,-0.45216331741304966,-0.0943876203716752,-0.028298223592940156
-0.3240579679645508,1.669924238373727,-0.046056632826642796,-0.4589659139697554,-0.09295682132028735,-0.028827683416889658
-0.34161033791687484,1.7089520055011498,-0.027965900714729368,-0.46545042003558296,-0.08940882723380505,-0.0294023537699622
-0.3559486884546438,1.7466984363689535,-0.00876951400747989,-0.47130109272013554,-0.08419708155082976,-0.029961442438818778
-0.3673419306078717,1.783336060492066,0.010995052343355086,-0.4762005687599512,-0.07789202177537867,-0.030450980286101926
-0.3762282486831399,1.8190433738081457,0.03083560673334856,-0.47991968553389913,-0.07102308657342855,-0.030836387255437577
-0.3830580104293937,1.853957876901394,0.05038733404172707,-0.4823461136759137,-0.06400726347886067,-0.031102831698044873
-0.388224130121901,1.8881646152876996,0.06942092756606581,-0.4834687278102007,-0.057141575982103995,-0.031248721594138634
-0.3920459672587753,1.9217028904308524,0.08781643903488592,-0.4833459933341934,-0.05062266379668205,-0.03128084960406559
-0.39477572807841,1.9545781074502007,0.10553052457256759,-0.48207605912921087,-0.04457147439866559,-0.03120972118952913
-0.39661098382842735,1.986772811993445,0.1225687213918348,-0.47977440097024965,-0.03905467948824594,-0.031047583184583297
-0.39770684305080745,2.018255195761407,0.13896534687833895,-0.4765593853745131,-0.034101078265400084,-0.03080641490079004
-0.39818593090574567,2.0489851110078656,0.15477007366401926,-0.47254382363469677,-0.029713547982487275,-0.03049759867776724
-0.39814606426471877,2.078918133622928,0.17003943911588176,-0.46783073261890956,-0.02587758325921169,-0.030131138907445898
-0.39766601289661674,2.1080082417770694,0.1848316893144225,-0.4625116259678859,-0.022567359781795672,-0.029715923648403877
-0.39680979813051687,2.136209554861796,0.1992037774647181,-0.45666637858947134,-0.019750034871142283,-0.029259420982113538
-0.39562990877204823,2.1634774535369448,0.2132096932364598,-0.45036385485067115,-0.017388795632715715,-0.028768079381795198
-0.3941697239733511,2.189769293885447,0.22689960005191742,-0.4436629653386211,-0.015445014013563506,-0.028247191849066735
-0.3924653547526857,2.215044858485702,0.2403194394856444,-0.4366138111760304,-0.01387976081500999,-0.02770127327904552
-0.3905470569166583,2.2392666335647973,0.2535108045256786,-0.4292588530086706,-0.012654856647011015,-0.027133977234894465
-0.38844032521199634,2.2623999718443613,0.2665109540162895,-0.4216339631840944,-0.011733586607685783,-0.02654840652247322
-0.3861667480576013,2.2844131768842684,0.27935290218881625,-0.41376939274616137,-0.011081169954072562,-0.025947044755587824
-0.38374468062878603,2.3052775340983813,0.2920655387181599,-0.4056905894995253,-0.010665051080569069,-0.025331998846928917
-0.38118977871100496,2.324967303088498,0.3046737614753196,-0.3974189217451012,-0.010455060396877155,-0.02470493558941709
-0.378515424831879,2.343459682884399,0.31719860723629983,-0.38897227326997663,-0.010423480960642724,-0.02406726717643
-0.37573307025874575,2.3607347566796983,0.3296573782231785,-0.38036556244831543,-0.010545047442247194,-0.023420091888851
-0.37285251075558623,2.3767754223004762,0.34206375959860996,-0.3716111625147789,-0.010796897203322067,-0.0227643352776792
-0.3698821097524036,2.391567311923727,0.35442792998490397,-0.3627192674701828,-0.011158488216347677,-0.022100696045887474
-0.3668289794918849,2.4050987050165635,0.36675666314777045,-0.35369818595008135,-0.01161149480370337,-0.021429753737954305
-0.363699128357981,2.41736043672821,0.3790534235387068,-0.3445545986764961,-0.01213968934346038,-0.02075192079809673
-0.36049758084956385,2.4283458045527384,0.39131845478831423,-0.3352937649964689,-0.01272881597818131,-0.020067525259417927
-0.35722847529856383,2.438050474818944,0.40354886362397513,-0.3259197065839057,-0.013366460753091945,-0.019376769424821767
-0.3538951434120638,2.4464723910777115,0.41573869875635777,-0.3164353562081994,-0.014041921412205222,-0.018679793984472982
-0.3505001749005334,2.453611685475834,0.4278790269455818,-0.306842693611356,-0.01474607916323872,-0.017976643305647518
-0.3470454698338806,2.459470594608413,0.4399580061678818,-0.2971428583965157,-0.015471274046127966,-0.017267315796130313
-0.3435322808583905,2.464053380555413,0.451960957944847,-0.2873362572265016,-0.016211185022050333,-0.016551735496241747
-0.3399612470144169,2.4673662581096067,0.4638704391232029,-0.2774226569243324,-0.01696071552532221,-0.015829792298264245
-0.3363324205645992,2.4694173285639924,0.475666315111934,-0.2674012770441042,-0.017715884934918612,-0.015101319379401028
-0.3326452879813099,2.470216520643364,0.4873258352061201,-0.2572708749093098,-0.01847372622146629,-0.014366125989991638
-0.32889878601684924,2.4697755386375175,0.49882371199882225,-0.2470298337315022,-0.019232189873561897,-0.01362398020192576
-0.32509131359660187,2.4681078179371356,0.5101322058079267,-0.23667624794930747,-0.019990054104388432,-0.012874636307118976
-0.321220740112115,2.4652284877272823,0.5212212161340501,-0.2262080140355142,-0.02074684126235898,-0.012117822342360182
-0.31728441055331025,2.4611543406704985,0.532058381324162,-0.2156229218181634,-0.021502740319760984,-0.011353263629985868
-0.3132791477916648,2.4559038090194028,0.5426091884763208,-0.20491875264741266,-0.02225853527596101,-0.010580674550209137
-0.3092012522139733,2.449496946612818,0.552837094958633,-0.1940933801481773,-0.023015539288959025,-0.009799779361360358
-0.3050464987980921,2.4419554158495322,0.5627036635907372,-0.1831448783137581,-0.023775534331425638,-0.009010307706924259
-0.3008101316219936,2.433302478688934,0.5721687130082334,-0.17207163318497848,-0.024540716157128235,-0.008212013539046822
-0.29648685569680244,2.423562990385629,0.5811904852502063,-0.16087246154640697,-0.025313644354975337,-0.0074046738585042396
-0.29207082591676803,2.412763394569253,0.5897258321755828,-0.14954673321886233,-0.02609719726296495,-0.006588106307306882
-0.28755563281721735,2.4009317179519187,0.5977304226951874,-0.13809449924260211,-0.02689453150937648,-0.005762170638483405
-0.28293428472844606,2.388097562814337,0.6051589724249432,-0.1265166227154712,-0.02770904594553646,-0.0049267853232484535
-0.2781991858033677,2.3742920951144084,0.6119654976123757,-0.11481491358294996,-0.028544349730573206,-0.00408193123007715
-0.27334210928230523,2.3595480259216286,0.6181035948181959,-0.1029922642050081,-0.029404234325209395,-0.0032276673967603156
-0.26835416523502675,2.343899583618107,0.6235267479395916,-0.09105278611281979,-0.030292649145715854,-0.002364136364694861
-0.26322576189097263,2.3273824741974827,0.6281886637579873,-0.07900194475007172,-0.031213680621130068,-0.0014915790899114752
-0.25794655953090645,2.3100338268148652,0.6320436371389374,-0.06684669183571149,-0.03217153438210632,-0.0006103413329092592
-0.25250541577106633,2.2918921217171597,0.635046946526284,-0.05459559206446084,-0.03317052028687312,0.0002791124749904366
-0.24689032092468974,2.272997097645269,0.6371552801291508,-0.0422589431234481,-0.03421503995103204,0.001176192435340708
-0.24108832198259228,2.253389635930077,0.63832719257943,-0.029848885660866797,-0.03530957638846649,0.002080170679216067
-0.23508543362026976,2.233111618675662,0.6385235913650721,-0.017379501659568995,-0.03645868527748673,0.002990174855913569
-0.2288665345273737,2.2122057587854598,0.6377082515254082,-0.004866897806145331,-0.03766698722870548,0.003905177416140918
-0.22241524728307233,2.1907154000439477,0.6358483563378872,0.007670728081425845,-0.038939160227483435,0.004823990103586142
-0.21571379999542573,2.168684286139815,0.632915060630766,0.020213040979390914,-0.04027993113323449,0.005745255522208861
-0.20874286802274603,2.146156298332353,0.6288840722377205,0.03273754516186364,-0.04169406470494974,0.006667443360530467
-0.2014813943576108,2.1231751625188573,0.6237362456391714,0.04521958669799779,-0.04318634804914951,0.007588844798358647
-0.19390638776273417,2.0997841276983045,0.6174581802470643,0.057632384445495795,-0.044761567594694865,0.008507571219051801
-0.18599269862355808,2.0760256193236666,0.6100428138069182,0.06994709307438521,-0.04642447462211372,0.009421552104857189
-0.17771277390167003,2.0519408727466653,0.6014899991797314,0.08213290105330286,-0.04817973391733005,0.010328537112704348
-0.16903639479111754,2.027569553952929,0.5918070500777989,0.09415716754823487,-0.05003184816796548,0.01122609836441356
-0.1599304040662741,2.0029493770402627,0.5810092382567578,0.10598560196694111,-0.05198504812023722,0.012111637163873855
-0.1503584351944387,1.9781157304913042,0.5691202209556128,0.11758249104455591,-0.054043135084860625,0.01298239228479455
-0.14028066282496565,1.9531013272681146,0.5561723730160197,0.12891097863050582,-0.056209257892446594,0.013835453691519764
-0.12965360531912362,1.927935897263388,0.5422069927662839,0.13993340480600047,-0.05848560060705202,0.014667780144165298
-0.11843002601543881,1.902645944842743,0.5272743442219178,0.150611711822621,-0.06087294995923454,0.01547622488933438
-0.10655900288838925,1.877254599422081,0.5114334898955594,0.16090792629727282,-0.06337010240305839,0.01625756983807346
-0.09398626864688706,1.8517815936250612,0.49475185803089977,0.17078472866445596,-0.06597306002752357,0.01700857399157577
-0.08065496803266803,1.8262434120828819,0.47730447463738385,0.18020612334767744,-0.06867395296955296,0.01772603985644503
-0.06650703890830426,1.80065366483543,0.4591727738729417,0.189138225031518,-0.07145961542731746,0.018406907178486014
-0.05148549994202822,1.7750237527116408,0.4404428803430083,0.19755017811509798,-0.07430973721564275,0.019048383138140997
-0.035538016940442854,1.7493639069707732,0.4212032363703945,0.2054152251447042,-0.07719452168955186,0.01964812370714828
-0.0186222079055747,1.7236846981143028,0.4015414338761768,0.21271193266104246,-0.08007181961967598,0.02020448025292965
-0.0007131974465721981,1.6979991096861473,0.38154012209674565,0.2194255609198501,-0.082883803747769,0.020716825372889092
0.018186131153476195,1.6723252425244424,0.3612719343962972,0.22554951428310002,-0.08555343985205155,0.021185958159416145
0.03803204738272964,1.6466896186381497,0.3407935706825042,0.23108671018922758,-0.08798134530635061,0.021614559921167648
0.05872466445934131,1.6211308413350112,0.32013957064479803,0.2360505329929187,-0.09004413784566331,0.022007608152550415
0.08009243269278919,1.5957029904241193,0.29931699035220016,0.24046478591764991,-0.09159601800932597,0.022372559206944958
0.10188053460890195,1.570477598003618,0.27830310557879595,0.24436177523803743,-0.09247585214769168,0.02271899451336857
0.12374945602559317,1.5455425427094382,0.2570490465666963,0.24777754902578916,-0.09252185802277554,0.023057379620126908
0.145290694886131,1.5209961824279237,0.23549206142163148,0.25074374321211274,-0.09159431879805327,0.023396763866522105
0.16606343839349774,1.4969361584597705,0.2135767946320185,0.2532768477655116,-0.08960311222088654,0.023741789385509082
0.1856479604689251,1.4734447633491194,0.1912813261906219,0.2553678528983074,-0.08653235721067513,0.024090123073432414
0.20370155572525486,1.4505754912879145,0.16863894843602734,0.2569768991246034,-0.08245238038817383,0.024431752407373913
0.219998383466313,1.4283461322451172,0.14574598245380163,0.2580367938437057,-0.0775126996055216,0.024750856520559427
0.23444093509098105,1.4067411565738182,0.12275161177253807,0.25846549790853396,-0.07191793540364864,0.025029494457557016
0.24704422918397842,1.3857217114757068,0.09983435653543074,0.25818322258948395,-0.06589586637313781,0.02525140531602305
0.2579043540990125,1.365238587586291,0.07717503175352046,0.25712795027116925,-0.05966819843002712,0.025404539845324734
0.2671646991182702,1.3452436610983616,0.05493496001650884,0.25526495918885045,-0.05343048202687337,0.02548195657181286
0.2749884157408909,1.3256974700107897,0.033243406923148505,0.25258931675135565,-0.047342240017360704,0.02548148014390741
0.28153979659456907,1.3065727629073942,0.01219373332969267,0.24912290371007773,-0.04152502654926276,0.02540472644516654
0.2869735762617516,1.2878550351744376,-0.008154438085390247,0.24490845053513607,-0.036065278675554695,0.025255966263589634
0.29142988038929285,1.2695412989629167,-0.027769949384672157,0.24000274931322857,-0.03101938291310088,0.025041091770133368
0.2950326627839392,1.2516380795278752,-0.046643890511539554,0.23447042172311036,-0.02641930771979137,0.024766792194994475
0.29789005385204353,1.2341592649300113,-0.06478370698075084,0.22837888854596122,-0.022277928045097824,0.024439953900358656
0.30009562290599995,1.2171241341366164,-0.08220820623522557,0.221794684912466,-0.018593669346884768,0.02406725797620564
0.30172998211155505,1.2005556912686612,-0.09894360727605016,0.21478099470310888,-0.015354374882822468,0.023654934195551428
0.3028624303744446,1.184479324430915,-0.11502055783364788,0.20739616907555428,-0.012540432813458369,0.023208630259135866
0.3035524931035078,1.1689217566934105,-0.13047195618325635,0.19969297927823484,-0.010127252607439897,0.022733360992673788
0.30385129989530907,1.1539102394349927,-0.14533140010339068,0.19171838346109094,-0.008087193318873184,0.022233509829857813
0.30380278647704484,1.1394719377348594,-0.15963210426083427,0.1835136317836055,-0.006391041498627209,0.02171286200955382
0.30344472837756625,1.1256334640457861,-0.17340615738203394,0.1751145786294125,-0.00500912492337683,0.02117465507422759
0.3028096226480889,1.112420524881853,-0.18668402096824943,0.166552108810458,-0.00391213518992453,0.02062163689871611
0.3019254365752191,1.0998576533296078,-0.19949419746749072,0.15785261453818583,-0.0030717197546668218,0.0200561250614278
0.3008162419716525,1.0879680069553366,-0.21186301650388023,0.14903848215926535,-0.0024608930036963544,0.019480063787679545
0.29950275199051807,1.0767732159708083,-0.2238145032878261,0.1401285634810715,-0.00205430658535628,0.018895076459450467
0.2980027753425901,1.0662932704874577,-0.23537030456282634,0.13113861741570906,-0.0018284114298728546,0.018302512747979536
0.2963316007116187,1.0565464385862902,-0.24654965535621448,0.12208171492784663,-0.0017615374356454224,0.017703490180237157
0.2945023222419236,1.0475492090126164,-0.25736937525988646,0.11296860494448449,-0.0018339115185865768,0.017098930322346412
0.29252611527876016,1.0393162537887535,-0.267843886671763,0.10380804175689115,-0.0020276304124939937,0.016489590029943477
0.2904124700845719,1.031860407096143,-0.2779852499121483,0.09460707611268923,-0.002326601110428982,0.015876088281736898
0.28816939001708425,1.0251926575393944,-0.2878032117787156,0.08537131306181887,-0.002716459008974822,0.015258929171364358
0.2858035596128214,1.0193221514616968,-0.29730526519529854,0.07610513998121467,-0.0031844715406222405,0.014638521584866237
0.2833204871448104,1.01425620539911,-0.3064967183325173,0.06681192824466813,-0.0037194332552138755,0.014015196074659017
0.28072462549025684,1.0100003260855546,-0.31538077206172394,0.057494211864126635,-0.004311556856726658,0.013389219364072327
0.27801947453003056,1.0065582366811059,-0.3239586049326131,0.04815384618305627,-0.004952363547979415,0.012760806881246884
0.27520766778727085,1.0039319081136748,-0.33222946509489554,0.03879214941138885,-0.005634575126206532,0.012130133647997164
0.27229104558078343,1.00212159461128,-0.3401907687503685,0.0294100294816007,-0.006352009559792741,0.011497343815787169
0.26927071660635565,1.0011258726672987,-0.34783820484549277,0.02000809840117318,-0.007099481222074123,0.01086255908088374
0.26614710955426635,1.0009416828293822,-0.35516584580872557,0.010586775983738908,-0.007872706530144501,0.010225886184563727
0.26292001611472865,1.0015643738372924,-0.3621662642088586,0.0011463845690214448,-0.008668215409011153,0.009587423657692811
0.25958862650711945,1.0029877487573917,-0.36883065526396747,-0.008312763911822294,-0.009483268752941719,0.00894726794992473
0.25615155848740984,1.0052041128728075,-0.3751489651671395,-0.0177902874002587,-0.010315781869115975,0.00830551904833248
0.25260688063625497,1.008204323188562,-0.3811100252151292,-0.027285658792110614,-0.01116425374965823,0.0076622856766467035
0.24895213060383345,1.0119778395001138,-0.38670169172939195,-0.036798135919510915,-0.01202770191534394,0.007017690139215009
0.24518432888381123,1.0165127770512903,-0.39191099174481164,-0.04632669589476137,-0.0129056024984436,0.006371872863886862
0.24129998860565977,1.0217959608728524,-0.39672427440922725,-0.055869973441101034,-0.01379783517569386,0.005724996677064521
0.23729512177072568,1.0278129819450146,-0.4011273679856426,-0.0654262029862183,-0.014704632519012772,0.005077250836686925
0.23316524231246474,1.034548255365108,-0.4051057422780552,-0.07499316443202747,-0.01562653329607871,0.004428854832369548
0.22890536633547956,1.0419850807239623,-0.40864467621026734,-0.084568132641262,-0.016564339220806957,0.003780061956022855
0.22451000988268055,1.0501057049001665,-0.4117294301741482,-0.09414783079706637,-0.017519074621156056,0.0031311626329696913
0.21997318459725407,1.0588913874685888,-0.4143454226287724,-0.10372838789775365,-0.018491948454981366,0.0024824874987009913
0.21528839168952124,1.0683224688868347,-0.4164784102739989,-0.11330530074441034,-0.01948431806038945,0.0018344101954993215
0.21044861469289497,1.0783784415689388,-0.418114670940595,-0.1228734008652663,-0.020497653971802785,0.0011873498588968986
0.2054463116042475,1.0890380238778128,-0.41924118813330546,-0.13242682689685392,-0.021533505063165852,0.0005417732547155176
0.20027340716025185,1.1002792369649885,-0.419845835932568,-0.14195900300874298,-0.022593463191627926,-0.0001018034766269917
0.1949212862130955,1.112079484256232,-0.41991756270422004,-0.15146262401522145,-0.023679126404545378,-0.0007428135201349241
0.1893807894495585,1.1244156332228736,-0.41944657178376676,-0.16092964786418246,-0.024792059635362247,-0.0013806385866543802
0.18364221306320525,1.1372640988894689,-0.4184244969918583,-0.17035129622983325,-0.025933751645206764,-0.0020146086781102266
0.1776953144605259,1.1506009283069372,-0.41684457049971346,-0.17971806396182324,-0.027105566762178276,-0.002644002487926592
0.17152932668267543,1.1644018849649358,-0.4147017801965286,-0.18901973815795475,-0.02830868972492203,-0.0032680485168925973
0.1651329849839475,1.178642531826255,-0.41199301331462695,-0.1982454276303083,-0.029544061647868824,-0.0038859269938128853
0.15849456995969516,1.1932983113379358,-0.40871718264181744,-0.2073836035235206,-0.030812304791357815,-0.004496772703867935
0.15160197279711785,1.208344620407387,-0.40487533119451663,-0.21642215181698135,-0.032113633443834784,-0.005099678842106455
0.14444278967064528,1.2237568779266024,-0.4004707107419803,-0.22534843839551977,-0.03344774781569485,-0.005693702029279796
0.13700445405494502,1.23951058198493,-0.39550882906763674,-0.234149387299412,-0.034813707427234546,-0.0062778686492846614
0.1292744178068133,1.2555813534355682,-0.38999746034147553,-0.2428115726533984,-0.036209780087517664,-0.00685118269467652
0.12124039427054967,1.2719449619844603,-0.38394661248416273,-0.2513213246092073,-0.037633262276643875,-0.007412635335095089
0.11289067933867165,1.2885773304758787,-0.37736844497779276,-0.25966484939031326,-0.03908026667424746,-0.007961216452236089
0.10421456921329038,1.3054545126003445,-0.3702771303054169,-0.26782836316110015,-0.040545472898482385,-0.008495928405478408
0.0952028962827145,1.3225526389245175,-0.3626886522254022,-0.27579823889457983,-0.04202183849737655,-0.009015802294393919
0.08584870654860174,1.339847826068346,-0.3546205346394154,-0.28356116459529873,-0.04350026925243952,-0.009519916946040381
0.07614810257279579,1.3573160442389267,-0.3460914962545382,-0.291104310023243,-0.0449692514468362,-0.010007420745276493
0.0661012736502026,1.3749329394894418,-0.3371210291042763,-0.29841549729603345,-0.046414454621025905,-0.010477556195282588
0.055713727928645325,1.3926736094628749,-0.32772890402679383,-0.30548336821890093,-0.04781832234578779,-0.010929686676444932
0.044997726845475566,1.4105123356208966,-0.31793461436761156,-0.3122975376920711,-0.049159681604625804,-0.011363324178286878
0.033973897229681,1.4284222817974586,-0.3077567815807031,-0.31884871791811326,-0.05041341922832801,-0.011778155722140186
0.022672957178889057,1.4463751791083161,-0.2972125640193998,-0.3251287924251445,-0.05155029651547069,-0.012174064710859078
0.011137435660001927,1.4643410312407874,-0.2863171332976342,-0.33113081264350586,-0.05253699921745712,-0.012551141577792965
-0.0005768070218860125,1.4822878914983457,-0.27508330967488603,-0.33684888428297477,-0.053336545190517275,-0.012909676119208596
-0.0123995335258367,1.5001817814358835,-0.2635214742261816,-0.3422779087358676,-0.05390918771797008,-0.013250122415378821
-0.024245909652092612,1.5179868353668255,-0.25163989145339005,-0.34741315050732413,-0.05421394515077289,-0.01357302740625932
-0.0360174984702032,1.5356657567679466,-0.23944556624701654,-0.35224962089349643,-0.05421083947752376,-0.013878917557348916
-0.04760481171223156,1.553180650299429,-0.22694570523669705,-0.356781305971454,-0.053863821433833774,-0.014168146136848915
-0.05889159226637515,1.5704942367478165,-0.21414974060798575,-0.36100032422436973,-0.053144193921170896,-0.01444071673679715
-0.06976069072148311,1.5875713666423246,-0.20107170871052057,-0.3648961666426022,-0.05203414218430946,-0.014696114364092796
-0.08010098920454639,1.6043806385287775,-0.1877325933217684,-0.36845522671401754,-0.05052979881407743,-0.014933187589130112
-0.08981443653927795,1.620895838062451,-0.17416211644172672,-0.37166083535725325,-0.048643201941447195,-0.015150125554319455
-0.09882205781077165,1.6370968923764195,-0.16039947087935913,-0.3744939471721422,-0.04640262207156146,-0.01534455634250956
-0.10706792201305779,1.652970112075485,-0.14649268216013156,-0.3769344781486989,-0.04385104596576086,-0.015513760863383293
-0.11452049668844823,1.6685076581286316,-0.13249662067455503,-0.3789631131596016,-0.04104302523073813,-0.015654961506998945
-0.12117143116095784,1.6837063627236957,-0.11847003393638394,-0.3805632569367125,-0.03804046541771013,-0.015765623420233757
-0.12703235100312354,1.6985661747637288,-0.1044721906924051,-0.3817227588033174,-0.03490810881425979,-0.015843707643365783
-0.1321305313572638,1.7130885430440113,-0.09055974652816652,-0.38243511510870026,-0.03170940747647945,-0.015887836238051917
-0.13650430590956084,1.7272749962096123,-0.07678428066736497,-0.3827000044911899,-0.028503257112454935,-0.01589735788842533
-0.1401988520712837,1.7411260712419714,-0.06319071237441032,-0.38252317326297963,-0.025341784229705667,-0.015872326155741058
-0.14326270824223844,1.754640632154062,-0.04981658373434648,-0.38191580669434094,-0.022269147781007054,-0.015813415536770948
-0.1457451321634673,1.767815540829717,-0.03669205202115335,-0.3808935751407389,-0.01932117767024362,-0.015721803039123208
-0.14769424678241982,1.7806456015619854,-0.023840377890099594,-0.37947554017787277,-0.016525622213099445,-0.015599038825797903
-0.14915584038222782,1.7931236924785723,-0.01127870286838315,-0.3776830679252529,-0.013902786841962216,-0.015446922585583256
-0.1501726672913869,1.8052410076973573,0.0009810493458162952,-0.3755388471522377,-0.011466386388224063,-0.015267395423145702
-0.1507841081144187,1.8169873522848201,0.012931262875778412,-0.37306606382951557,-0.009224480943808287,-0.015062451583114566
-0.1510260745270662,1.8283514505830394,0.024567780628523547,-0.3702877486321703,-0.007180408448030537,-0.014834070565011208
-0.15093107171324124,1.8393212437590054,0.03588915122930224,-0.3672262908014963,-0.0053336611326003725,-0.014584167957270485
-0.1505283560819949,1.8498841635894319,0.04689598350811741,-0.36390309895124107,-0.0036806774299302254,-0.014314562236421725
-0.149844145298061,1.8600273769035434,0.057590406021367314,-0.36033838406045926,-0.002215537407338144,-0.014026954456550226
-0.14890185203811374,1.8697379996132129,0.06797562174609717,-0.35655103934658594,-0.0009305601953826196,-0.013722917883185018
-0.1477223231035926,1.8790032817386628,0.07805554515075147,-0.352558593850254,0.00018319197896238195,-0.013403894982971903
-0.14632407256523303,1.8878107660082921,0.08783450852828607,-0.3483772199262556,0.0011354952571729798,-0.013071199622526763
-0.14472350235497142,1.8961484229982812,0.0973170255345253,-0.34402177850953075,0.0019366217633356524,-0.012726022772397122
-0.14293510684344485,1.9040047657345813,0.1065076015195949,-0.33950588950050864,0.002597063697622638,-0.012369440411309293
-0.14097165995300345,1.9113689464287673,0.11541058201357515,-0.3348420176479007,0.0031273145794883865,-0.012002422663680047
-0.1388443846179108,1.918230837690737,0.12403003238738367,-0.33004156682030855,0.003537699009698401,-0.011625843476615213
-0.13656310516584017,1.9245811002266007,0.13236964314937424,-0.3251149775630023,0.0038382431861299967,-0.011240490356082182
-0.13413638362908747,1.9304112387238772,0.14043265652800488,-0.32007182438941034,0.0040385793241485,-0.010847073843939186
-0.13157164121574685,1.9357136473615895,0.14822181094278788,-0.31492091043080456,0.004147878029284811,-0.010446236537232974
-0.12887526625787968,1.9404816461618004,0.1557393007095844,-0.30967035793547654,0.004174803509689335,-0.010038561537406824
-0.1260527099569563,1.9447095092177906,0.16298674889772993,-0.3043276937363934,0.0041274872795145886,-0.009624580277445435
-0.12310857120058742,1.9483924856864974,0.16996519168993976,-0.2988999292498264,0.004013516684998969,-0.009204779715898967
-0.12004667165109008,1.9515268143127587,0.1766750729217025,-0.29339363487222747,0.0038399351827325292,-0.008779608913266804
-0.11687012222024197,1.9541097321546619,0.18311624771999116,-0.28781500884456446,0.003613251818600245,-0.008349485022364081
-0.11358138195495879,1.9561394780981105,0.18928799434153756,-0.2821699407800983,0.0033394578025743105,-0.007914798733060835
-0.11018231027145557,1.9576152916808385,0.19518903344403327,-0.2764640701242006,0.003024048456147937,-0.007475919215443615
-0.10667421339435654,1.9585374076886468,0.20081755412105215,-0.27070283984897464,0.0026720491332413235,-0.00703319860565911
-0.10305788578438961,1.9589070469375307,0.20617124610184043,-0.26489154569278384,0.0022880439890901275,-0.006586976076664675
-0.09933364727503027,1.9587264036131355,0.21124733756664185,-0.259035381243821,0.0018762067016793072,-0.006137581532681576
-0.09550137658548642,1.9579986295026548,0.21604263806141336,-0.25313947914377954,0.0014403324428269356,-0.0056853389619240975
-0.09156054183518457,1.956727815423247,0.2205535860158199,-0.24720894865699689,0.0009838705565075358,-0.005230569477568242
-0.08751022865373397,1.9549189701249765,0.22477630037751897,-0.2412489098153787,0.0005099575352226488,-0.004773594072206358
-0.08334916646048637,1.9525779969250134,0.22870663587552917,-0.23526452431233172,2.1449995327187414e-05,-0.004314736106387594
-0.07907575347960177,1.9497116683133708,0.23234024141704468,-0.22926102328153372,-0.00047904255725159377,-0.0038543235473873596
-0.07468808106039013,1.946327598758881,0.23567262110623263,-0.22324373205991724,-0.000989125305530322,-0.003392690970152666
-0.07018395788916452,1.9424342159375392,0.238699197350982,-0.21721809199968534,-0.0015065861190542745,-0.002930181328480843
-0.06556093470857481,1.9380407306039276,0.2414153754948237,-0.21118967936224944,-0.0020293639977745637,-0.002467147500933027
-0.06081633020417716,1.9331571053303003,0.2438166093768584,-0.20516422129828463,-0.0025555179525345324,-0.002003953612781836
-0.055947258776706366,1.9277940223471661,0.24589846718310712,-0.19914760889315078,-0.003083196285256489,-0.0015409761324604247
-0.05095066099306021,1.9219628507338835,0.24765669690893471,-0.19314590723620276,-0.0036106062138168867,-0.001078604738538822
-0.045823337600228865,1.91567561322783,0.24908729070494318,-0.18716536245647053,-0.004135983777535922,-0.0006172429512283611
-0.040561988094958826,1.9089449529459264,0.25018654732907564,-0.18121240565630997,-0.00465756395961075,-0.00015730852084535864
-0.03516325496808385,1.9017841003423197,0.2509511318770014,-0.17529365366942917,-0.005173550973665451,0.0003007664353963698
-0.029623774885740584,1.894206840760224,0.25137813191298247,-0.16941590657078257,-0.005682088684460337,0.0007565355573721266
-0.023940238228564156,1.8862274829733168,0.251465109076719,-0.16358614187390175,-0.0061812311699626955,0.0012095386357117467
-0.018109458581200416,1.8778608291512724,0.2512101452012569,-0.15781150536715854,-0.006668913486450964,0.0016593022830106497
-0.01212845394239907,1.8691221467229122,0.25061188194702677,-0.15209929856529167,-0.007142922773951415,0.0021053408884143714
-0.005994541601413125,1.8600271426462058,0.2496695529428968,-0.14645696278759993,-0.007600869940811696,0.0025471578581222195
0.00029455121453390767,1.850591940622962,0.24838300743390648,-0.14089205992116385,-0.008040162299187867,0.002984247139530387
0.006740558694793807,1.8408330618120912,0.24675272447644386,-0.13541224998835505,-0.008457977694012226,0.0034160950199934965
0.013344527518664523,1.8307674095915125,0.24477981680715144,-0.13002526571522913,-0.008851240883457165,0.0038421821820797146
0.020106645414005645,1.8204122588855005,0.2424660236572749,-0.12473888439414366,-0.009216603195799115,0.004261985985214528
0.027026045176607474,1.8097852504990786,0.23981369200892352,-0.1195608974534695,-0.009550426811695021,0.00467498292820095
0.034100582564200455,1.7989043907682363,0.23682574611749188,-0.11449907829314182,-0.009848775405450247,0.005080651227739054
0.041326587234620515,1.7877880566250022,0.23350564558317072,-0.10956114912032498,-0.0101074133222357,0.005478473424347722
0.04869858707702011,1.7764550058671265,0.22985733287504118,-0.1047547477268242,-0.01032181596047761,0.0058679388989316865
0.05620900801043223,1.7649243919883513,0.2258851720252138,-0.10008739538867772,-0.010487194546922528,0.00624854615114547
0.06384785372549862,1.7532157823420584,0.2215938812447965,-0.09556646733338933,-0.010598538994314635,0.006619804656180182
0.07160237304415178,1.7413491776581047,0.2169884634819094,-0.09119916749814751,-0.010650682950162256,0.006981236082648927
0.07945672665284383,1.7293450300015691,0.2120741404316348,-0.0869925095671162,-0.010638395377866499,0.007332374626012009
0.08739166993082242,1.7172242551678953,0.20685629716012302,-0.08295330648325369,-0.010556502916607624,0.007672766197352116
0.09538427430618446,1.7050082343052344,0.2013404461912136,-0.07908817071178015,-0.01040004666000677,0.008001966217323781
0.10340771566780742,1.6927187983528333,0.19553222139709617,-0.07540352739129029,-0.010164475657546355,0.008319535813792642
0.11143116417284459,1.6803781878718789,0.18943741298565195,-0.07190564201860791,-0.00984587714819866,0.008625036324810651
0.1194198142722611,1.6680089802997098,0.18306205480586685,-0.06860066332904882,-0.009441240090317691,0.008918022180656682
0.12733509549204364,1.6556339769430446,0.1764125735126611,-0.06549468041409938,-0.008948743875947343,0.009198032487758238
0.13513510171453244,1.6432760435546152,0.16949600523379912,-0.06259379077462066,-0.008368058348232897,0.009464581957559405
0.14277526762201584,1.6309579014927644,0.1623202787919846,-0.05990417297290726,-0.0077006348471432,0.009717152186598048
0.15020930424476067,1.6187018714601886,0.15489455516277228,-0.057432154063748485,-0.006949961884929439,0.009955184642951479
0.1573903809409679,1.6065295785265121,0.1472296012704141,-0.05518425858254921,-0.006121754524431452,0.010178076962338443
0.16427251016952155,1.5944616349131167,0.13933816392652587,-0.05316722338760889,-0.005224045212674091,0.01038518420042066
0.17081205792234888,1.5825173246091822,0.13123529914279985,-0.05138796215569683,-0.004267147259996391,0.01057582643084244
0.1769692726587814,1.5707143195493256,0.12293860628074757,-0.04985346585339434,-0.003263471312067634,0.010749303472604646
0.18270970620043228,1.5590684589341477,0.11446831850347572,-0.04857063167526531,-0.002227189833925513,0.010904916611103155
0.1880053977583052,1.5475936198872695,0.1058472125323154,-0.04754602253273363,-0.0011737630624953478,0.011041996082726862
0.1928357105187536,1.5363016986802174,0.09710032131125952,-0.04678557085498723,-0.00011935887881949522,0.011159932045737318
0.19718774764881647,1.525202708377984,0.08825445966083237,-0.046294251864550585,0.0009197853765667259,0.011258206008916338
0.201056324692264,1.5143049835135904,0.07933759998159945,-0.0460757597988749,0.0019280025729476631,0.011336419429308683
0.20444352804685353,1.5036154685573455,0.07037815647738968,-0.0461322233918865,0.0028907808757926284,0.011394316495006683
0.20735793391817703,1.4931400574679379,0.06140424741103132,-0.046463993249592835,0.0037952474913930537,0.011431798905817414
0.20981359087648555,1.4828839482159597,0.05244300361926821,-0.04706952425057407,0.004630520009432729,0.011448931563785174
0.2118288786749312,1.4728519788840588,0.04351997925001076,-0.047945363007180594,0.0053879126653214255,0.0114459392455654
0.21342534803055307,1.4630489193094889,0.0346587013519299,-0.049086236721571634,0.006061002132014701,0.011423195329824517
0.21462662581761635,1.453479701969495,0.02588037347266529,-0.050485228232743595,0.006645570832867244,0.011381204349040289
0.21545744405280837,1.444149585631488,0.0172037291830352,-0.05213401448616256,0.007139453904994821,0.011320580472444698
0.21594282495044773,1.4350642534997042,0.008645017243871235,-0.054023142630105124,0.0075423189053921,0.011242024032698918
0.21610743214804404,1.4262298533220215,0.00021809194458444377,-0.05614231893395011,0.007855406169106778,0.01114629796331387
0.2159750818304305,1.4176529900688137,-0.00806542053616958,-0.05848068956147923,0.008081253838649511,0.011034205617612721
0.2155683971091118,1.40934068276398,-0.016195907425316534,-0.061027097559877765,0.008223426384351668,0.010906570988487373
0.21490858378720568,1.4013002964689938,-0.024165529965410586,-0.0637703060533358,0.008286260023208583,0.010764221915290485
0.2140153042567414,1.3935394589357473,-0.03196797786636209,-0.06669918271773648,0.008274633531678573,0.01060797649682569
0.21290662741178257,1.386065969578422,-0.03959823092928326,-0.06980284469688462,0.008193768900374671,0.010438632649190253
0.21159903500827812,1.378887706533486,-0.04705233655686908,-0.07307076605288554,0.008049063200889033,0.010256960556463825
0.2101074680431083,1.3720125358937687,-0.05432720812788838,-0.07649285168994187,0.007845950870034422,0.01006369765089035
0.20844539992453182,1.365448225813661,-0.06142044641358007,-0.08005948263503856,0.007589794224970135,0.009859545711213181
0.20662492615424427,1.3592023671057885,-0.06833018426615639,-0.08376153782481449,0.007285799237427085,0.00964516966576748
0.2046568627893877,1.3532823011583524,-0.07505495356311963,-0.08759039735163651,0.006938953256145579,0.00942119771488799
0.20255084805771315,1.347695055449781,-0.08159357267921336,-0.09153793164630379,0.006553981335773788,0.009188222432147553
0.20031544317829125,1.342447286571746,-0.08794505242746602,-0.09559648046029103,0.006135317997863083,0.008946802556185315
0.19795822974199814,1.33754523044527,-0.09410851833520065,-0.09975882485608245,0.005687091532452929,0.008697465237745583
0.1954859019902395,1.3329946592874622,-0.10008314720269129,-0.10401815478398718,0.005213118287809544,0.008440708555879115
0.19290435305706125,1.3288008448268798,-0.10586811606094974,-0.10836803425473188,0.004716904750835429,0.008177004160816508
0.1902187547635056,1.3249685272500336,-0.11146256185285815,-0.11280236562645804,0.00420165556559281,0.007906799937909067
0.18743363092051077,1.321501889373215,-0.11686555037763555,-0.11731535411682756,0.003670285956909682,0.00763052261721989
0.18455292434622197,1.3184045355608973,-0.1220760532440351,-0.12190147332206247,0.0031254373121847928,0.007348580277327485
0.18158005796593485,1.3156794749466616,-0.1270929317629325,-0.12655543226683524,0.0025694949242845763,0.007061364710429181
0.17851799046196146,1.3133291085499181,-0.13191492687096623,-0.13127214431200215,0.0020046071120384226,0.006769253629747737
0.1753692669948311,1.3113552199185876,-0.13654065431301413,-0.13604669810092404,0.0014327051144201492,0.0064726127103863695
0.17213606554024224,1.309758968962663,-0.1409686044239324,-0.14087433061983404,0.0008555233032212339,0.006171797461908154
0.16882023938834045,1.3085408886752978,-0.1451971459415583,-0.14575040237474673,0.0002746193804846886,0.005867154935701221
0.16542335634072644,1.3077008844664404,-0.14922453335628125,-0.15067037463936797,-0.0003086056751567208,0.0055590252731908705
0.16194673512150537,1.30723823585903,-0.1530489173603336,-0.1556297886992238,-0.0008928880713212899,0.005247743102632288
0.15839147949548119,1.30715160031955,-0.15666835800496964,-0.16062424700180772,-0.001477082171136629,0.004933638792929612
0.15475851056188597,1.3074390190135567,-0.16008084020823085,-0.1656493961169863,-0.0020601420194402715,0.004617039572967932
0.15104859766751538,1.3080979242929536,-0.16328429128208646,-0.17070091141311097,-0.0026411034414674387,0.004298270524537706
0.1472623883598453,1.30912514873557,-0.166276600167142,-0.17577448335985896,-0.0032190667043179807,0.003977655456247834
0.14340043777913872,1.310516935569331,-0.16905563807732887,-0.18086580537695054,-0.003793179714333604,0.003655517664993624
0.1394632378688254,1.3122689503232612,-0.1716192802673193,-0.18597056315717975,-0.004362621713153285,0.003332180590667397
0.13545124676533007,1.3143762935560617,-0.17396542864297976,-0.1910844254016242,-0.0049265874306647665,0.0030079683689455336
0.1313649187115486,1.3168335145203192,-0.17609203494099437,-0.19620303591370325,-0.005484271653626631,0.0026832062862122774
0.12720473482157135,1.3196346256268772,-0.17799712420878067,-0.20132200700637026,-0.0060348541739403735,0.002358221140029673
0.12297123500704202,1.3227731175798567,-0.1796788183208635,-0.20643691418274762,-0.006577485090167083,0.002033341508068014
0.11866505135646253,1.3262419750586285,-0.18113535927382562,-0.21154329205464964,-0.0071112704498649745,0.0017088979280988242
0.11428694323629432,1.3300336928291288,-0.18236513200967433,-0.21663663146548542,-0.007635258238796368,0.0013852229915451758
0.10983783435504438,1.334140292173747,-0.18336668652782967,-0.2217123777838619,-0.00814842474628056,0.0010626513532016476
0.10531885199652875,1.3385533375371108,-0.18413875905985652,-0.2267659303317444,-0.008649661364326046,0.0007415196600953158
0.10073136858370389,1.3432639532950508,-0.18468029209945858,-0.2317926429062714,-0.009137761912104648,0.0004221664030746833
0.09607704567703394,1.3482628405664852,-0.18499045310407924,-0.23678782534731396,-0.00961141061729271,0.00010493169559628256
0.09135788043817832,1.353540294003611,-0.18506865171465234,-0.24174674609374258,-0.010069170932213057,-0.00020984301466481751
0.08657625449742505,1.359086218515372,-0.18491455537751172,-0.24666463566033928,-0.010509475415839638,-0.0005218152943263601
0.08173498504817811,1.3648901459034108,-0.18452810329798652,-0.2515366909546948,-0.010930616972592646,-0.0008306421241919971
0.07683737785035746,1.3709412514192951,-0.1839095187093602,-0.25635808033974566,-0.011330741805066172,-0.001135980339873696
0.07188728165350006,1.3772283702873032,-0.18305931950390983,-0.261123949333492,-0.011707844509407067,-0.0014374871004077345
0.06688914334704753,1.383740014278811,-0.1819783273444233,-0.2658294268237821,-0.01205976581718973,-0.0017348203699627798
0.06184806290838824,1.3904643884723362,-0.18066767545396917,-0.270469631664023,-0.01238419356339871,-0.0020276393956212115
0.056769846949242156,1.3973894083870577,-0.17912881536685796,-0.2750396795067436,-0.012678667532241231,-0.0023156051623296255
0.0516610593613198,1.4045027177358964,-0.1773635230115274,-0.27953468972793716,-0.012940588894977088,-0.0025983808047075887
0.046529067240117024,1.4117917071048303,-0.1753739045817975,-0.28394979229821843,-0.013167234998833408,-0.002875631954790381
0.041382079933532226,1.4192435339246547,-0.17316240273002123,-0.2882801344695569,-0.013355780283306735,-0.003147027005347046
0.036229178738225995,1.426845144155091,-0.170731803675512,-0.29252088717142677,-0.013503324077584495,-0.0034122372706052854
0.031080334476988103,1.4345832961426457,-0.16808524585357873,-0.2966672510504044,-0.01360692595649824,-0.0036709370305110386
0.02594640996826636,1.4424445871350107,-0.1652262307220304,-0.3007144621450224,-0.013663649187374054,-0.003922803451523515
0.020839144285343312,1.4504154829267544,-0.1621586362794218,-0.30465779726475956,-0.013670612571681482,-0.0041675163867828545
0.015771115744284216,1.4584823510635219,-0.15888673371893855,-0.30849257923871864,-0.013625050661109535,-0.004404758071488573
0.010755680806376764,1.4666314979349415,-0.15541520743192308,-0.3122141823139199,-0.013524381900262518,-0.004634212745378588
0.005806886579558301,1.474849209931612,-0.1517491782783934,-0.3158180381102651,-0.013366283718630266,-0.004855566252728588
0.0009393553916662066,1.4831217986241285,-0.14789422965897644,-0.31929964267023536,-0.013148772976035268,-0.005068505690130869
-0.00383185899547322,1.4914356496431647,-0.14385643546505422,-0.3226545652629547,-0.01287028948718984,-0.00527271919160353
-0.008491442569153126,1.4997772746083609,-0.13964238847739419,-0.32587845969656526,-0.012529779659101632,-0.0054678959567766704
-0.013024017044345904,1.5081333650894826,-0.13525922726989567,-0.3289670789384943,-0.012126776634839175,-0.005653726637905352
-0.01741435624457282,1.516490847216005,-0.13071465921162956,-0.33191629381715076,-0.01166147282870298,-0.005829904201949203
-0.02164761668994715,1.5248369352207845,-0.12601697681601792,-0.3347221164596728,-0.011134780449059474,-0.0059961253719135
-0.025709574563516944,1.5331591819558577,-0.12117506453357714,-0.3373807288936836,-0.010548375620124813,-0.006152092725014803
-0.02958685996038856,1.5414455243001572,-0.11619839318920995,-0.33988851690314803,-0.009904722098211102,-0.00629751748365271
-0.03326717861629662,1.5496843214289302,-0.1110969996700946,-0.34224210879194056,-0.009207071361909586,-0.006432122980553084
-0.036739511315111446,1.5578643841555662,-0.10588145018420704,-0.34443841820499177,-0.008459437021412362,-0.0065556487162522405
-0.03999428196775162,1.5659749939873469,-0.10056278639612477,-0.34647468963547406,-0.0076665429659213665,-0.0066678548620685615
-0.0430234869211864,1.5740059111286,-0.09515245492276493,-0.348348544770509,-0.006833746322911541,-0.00676852700308986
-0.04582078027382804,1.581947371362565,-0.08966222191447008,-0.35005802746500725,-0.005966937972649013,-0.006857480871887203
-0.04838151262734189,1.5897900724720027,-0.08410407561159254,-0.3516016449440058,-0.005072424864091349,-0.0069345668016511965
-0.050702723516975585,1.5975251515353812,-0.07849012071055747,-0.35297840285948007,-0.004156799546272645,-0.006999673631409096
-0.0527830904371491,1.605144154983764,-0.07283246898086479,-0.3541878320805799,-0.0032268030368965313,-0.007052731826338741
-0.054622839650448105,1.6126390036661422,-0.06714313077839633,-0.3552300055562485,-0.0022891873344030676,-0.007093715629447702
-0.05622362564093772,1.620001955319129,-0.06143391189255427,-0.35610554420567564,-0.0013505835495055169,-0.007122644130273602
-0.05758838704608715,1.6272255667731466,-0.05571631959448388,-0.35681561149309504,-0.0004173808605049975,-0.0071395812130667655
-0.0587211871734902,1.6343026579817408,-0.05000148091484271,-0.35736189704863003,0.0005043795953949698,-0.0071446344220651254
-0.05962704686126414,1.6412262795829928,-0.04430007519058636,-0.35774659033100586,0.001409093050481674,-0.007137952847039035
-0.06031177661439803,1.6479896852504008,-0.03862228190171771,-0.3579723458323355,0.002291660110670838,-0.00711972418258727
-0.060781813809607885,1.6545863096215288,-0.032977743875112604,-0.35804224166464055,0.003147536101868402,-0.007090171146773285
-0.06104406947238001,1.6610097521531495,-0.02737554513895347,-0.3579597335321102,0.003972761456883939,-0.0070495474583568765
-0.061105787832455766,1.667253766874497,-0.021824202110295583,-0.35772860609418294,0.00476397464352185,-0.006998133569035343
-0.06097442066361498,1.6733122577137212,-0.016331666401015563,-0.35735292359021903,0.005518409691324392,-0.006936232331132902
-0.06065751737777941,1.679179278861563,-0.010905337320363737,-0.35683698136349024,0.006233880697815528,-0.006864164756098016
-0.060162631005052376,1.684849039505497,-0.005552082105921544,-0.3561852596292096,0.006908755815787652,-0.0067822659890024025
-0.059497239555638,1.6903159122056262,-0.0002782619914866308,-0.35540238051393686,0.007541923181922891,-0.006690881592507746
-0.05866868181272743,1.6955744441759506,0.004910237618208761,-0.3544930690810533,0.008132751087196903,-0.006590364203239608
-0.057684106322124,1.700619370766377,0.010007974384788468,-0.35346211877028677,0.008681044451802098,-0.006481070596098648
-0.056550432194376325,1.705445630498463,0.015009914971754874,-0.35231436143178047,0.009186999386714533,-0.006363359168864917
-0.055274320287923576,1.7100483810801028,0.019911400731797837,-0.3510546419333232,0.009651157328333132,-0.006237587840961634
-0.053862153369221955,1.7144230159025151,0.02470811398117531,-0.3496877971640537,0.010074359942397311,-0.006104112346387215
-0.05232002392409052,1.7185651806007611,0.029396045501152386,-0.348218639146374,0.010457705722611543,-0.0059632848912064
-0.05065372840426013,1.722470789332547,0.03397146373814282,-0.3466519418947469,0.010802508966542314,-0.005815453140026803
-0.048868766819464705,1.7261360404968895,0.038430886033500436,-0.34499243161917004,0.011110261600573804,-0.005660959492908819
-0.04697034671747302,1.7295574316732212,0.04277105209939122,-0.34324477985582014,0.011382598148027978,-0.005500140613497956
-0.044963390724619655,1.7327317736124777,0.046988899866133124,-0.34141359911139874,0.01162126398882392,-0.005333327170215937
-0.042852546942677955,1.7356562031549456,0.05108154375554579,-0.33950344062555804,0.011828086942760893,-0.0051608437545688285
-0.04064220161134319,1.7383281949858316,0.055046255380831306,-0.3375187938827807,0.012004952118403012,-0.004983008943588971
-0.03833649354763882,1.74074557216942,0.05888044663312326,-0.33546408753748147,0.012153779902060515,-0.004800135476777468
-0.03593932996372142,1.7429065154271866,0.06258165508525752,-0.33334369145100023,0.012276506912944869,-0.0046125305213954235
-0.03345440334302017,1.7448095711451024,0.06614753162211356,-0.3311619195744297,0.012375069717860008,-0.0044204960033786145
-0.030885209122007404,1.7464536581113732,0.06957583019205557,-0.3289230334453706,0.012451391078726587,-0.004224328984396059
-0.028235063981994497,1.7478380729986187,0.07286439956397146,-0.32663124609875505,0.012507368496130912,-0.0040243220685604614
-0.025507124603122204,1.7489624946145963,0.07601117696792065,-0.3242907262212446,0.012544864809633635,-0.0038207638249868944
-0.022704406772116808,1.7498269869534426,0.07901418349351405,-0.32190560240512306,0.012565700618821013,-0.0036139392147712234
-0.019829804767315697,1.7504320010854393,0.08187152111816452,-0.3194799673810053,0.012571648296429502,-0.0034041300130266826
-0.016886110969746636,1.7507783759278113,0.08458137123676382,-0.3170178821291727,0.012564427375024827,-0.0031916152183928386
-0.013876035668387425,1.7508673379422661,0.08714199456482284,-0.3145233797871127,0.01254570110064035,-0.0029766714439408383
-0.010802227041736157,1.7507004998070823,0.08955173228843358,-0.31200046928614067,0.012517073959679898,-0.0027595732846710055
-0.007667291306971675,1.750279858112687,0.09180900833644794,-0.30945313866309193,0.012480089998667999,-0.0025405936578634376
-0.004473813032651569,1.7496077901299387,0.09391233265296034,-0.30688535800427985,0.012436231769653928,-0.002320004113428625
-0.0012243756113502718,1.748687049699819,0.09586030535151961,-0.30430108198849853,0.012386919746953131,-0.0020980751121406974
0.002078418114942557,1.7475207622919895,0.09765162163650619,-0.3017042520040625,0.012333512073266368,-0.0018750762702456317
0.005431925091369635,1.746112419277711,0.09928507738184028,-0.299098797821958,0.012277304504977575,-0.0016512765694424209
0.008833441174849447,1.744465871459978,0.10075957526269216,-0.29648863881333143,0.012219530437603649,-0.0014269445316553659
0.012280180188348389,1.7425853219003693,0.10207413134220474,-0.2938776847049333,0.01216136090303163,-0.0012023483583655664
0.015769252965688554,1.7404753180780945,0.10322788202245774,-0.29126983587091176,0.012103904440470433,-0.0009777560345612063
0.0192976464712184,1.7381407434119767,0.10422009127702976,-0.2886689831636133,0.012048206753157315,-0.0007534353976081514
0.022862203106171444,1.735586808170716,0.10505015809154401,-0.28607900728987073,0.011995250073031087,-0.0005296541715403121
0.026459600345085668,1.7328190397907053,0.10571762404847043,-0.28350377774268476,0.011945952166090342,-0.0003066799674260676
0.030086330881126683,1.7298432726139945,0.10622218100309758,-0.28094715130123465,0.011901164922302199,-8.478025058296498e-05
0.03373868349827808,1.7266656370517988,0.10656367880881142,-0.27841297011477,0.01186167248604335,0.00013577772451408903
0.037412724930661674,1.7232925481713421,0.10674213306137188,-0.2759050593880761,0.011828188896478273,0.00035472701075985925
0.041104283014001465,1.719730693696019,0.1067577328434107,-0.2734272246877915,0.011801355222341653,0.0005718010955358947
0.04480893148040275,1.7159870214010842,0.10661084846142875,-0.27098324888978076,0.011781736192599824,0.0007867340576570378
0.048521976793760045,1.7120687258796827,0.10630203917757297,-0.26857688878789737,0.011769816343675023,0.0009992607535353447
0.05223844746737549,1.7079832346474402,0.10583206094672776,-0.2662118713836826,0.011765995725498905,0.0012091170321672493
0.055953086345428255,1.703738193548539,0.10520187417515645,-0.26389188987468926,0.011770585232670383,0.0014160399788391551
0.05966034636294684,1.6993414514228447,0.10441265151916823,-0.2616205993560851,0.011783801653314968,0.0016197681878063457
0.06335439032156993,1.6948010439928793,0.10346578574009549,-0.25940161224588243,0.01180576255655426,0.0018200420646234461
0.06702909522686815,1.6901251769320378,0.10236289762426037,-0.2572384934385396,0.011836481169209621,0.002016604159278187
0.07067806172324426,1.68532220808217,0.1011058439626638,-0.25513475518483764,0.011875861422591352,0.002209199531781824
0.07429462913019674,1.680400628800257,0.0996967255640734,-0.2530938516880276,0.01192369337972858,0.0023975761523675233
0.07787189652491144,1.6753690444310565,0.09813789524652843,-0.2511191733975941,0.01197964928057883,0.002581485338900087
0.08140275022710868,1.670236153925732,0.09643196571593939,-0.24921404097307984,0.012043280465670122,0.0027606822344540217
0.08487989792010668,1.6650107286558125,0.0945818171969286,-0.247381698881961,0.012114015455015796,0.0029349263282104016
0.08829590948587157,1.6597015905071224,0.09259060463153632,-0.24562530858844672,0.012191159466533926,0.0031039820227881858
0.09164326444206815,1.6543175893788604,0.09046176420794697,-0.2439479412853829,0.012273895654065392,0.0032676192507923095
0.09491440564892549,1.6488675802574702,0.08819901892692797,-0.24235257012040104,0.012361288327026558,0.0034256141426627002
0.09810179870909322,1.6433604000813493,0.08580638286209007,-0.24084206187136814,0.012452288379765374,0.0035777497467904397
0.10119799622372633,1.6378048446581557,0.083288163726051,-0.23941916803631727,0.012545741107526563,0.0037238168012948855
0.10419570580505301,1.6322096459382613,0.08064896332336256,-0.23808651532042693,0.01264039651729846,0.003863614554822956
0.10708786049465836,1.6265834499821337,0.07789367545808293,-0.23684659552795026,0.012734922156738743,0.003996951631270629
0.10986769001466247,1.620934795982271,0.0750274808742551,-0.23570175490037334,0.012827918385404523,0.004123646930512121
0.11252879110371666,1.6152720967081613,0.07205583884546023,-0.23465418298285792,0.012917935903803529,0.004243530554175687
0.11506519507842151,1.6096036207325304,0.06898447509761439,-0.23370590114765108,0.013003495243038328,0.004356444742392591
0.11747143072806172,1.603937476766886,0.06581936584760986,-0.23285875095313235,0.013083107808002753,0.0044622448044711015
0.11974258070686863,1.5982816003834495,0.06256671786690231,-0.23211438256712594,0.013155297967963038,0.0045608000238386015
0.12187432973789801,1.5926437433301268,0.05923294462842813,-0.23147424352893783,0.013218625607788977,0.004651994515587424
0.1238630031835598,1.5870314655581335,0.05582463875919569,-0.23093956816181155,0.013271708498296963,0.004735728013774645
0.12570559485986915,1.581452129982978,0.05234854118910658,-0.23051136797172436,0.013313243820844043,0.004811916565446495
0.1273997833574937,1.5759128998948304,0.04881150754714138,-0.2301904233758487,0.013342028192967235,0.0048804931093089235
0.1289439365596605,1.5704207388308824,0.045220472496790565,-0.22997727709186444,0.013356975589241012,0.004941407919095124
0.13033710448811056,1.5649824126273866,0.04158241281231499,-0.22987222948646102,0.013357132632388212,0.004994628894948241
0.13157900103539438,1.5596044932893147,0.037904310067117475,-0.22987533612847796,0.013341690838919118,0.005040141690412139
0.13266997552817578,1.5542933642564523,0.03419311382952227,-0.2299864077217669,0.013309995533685958,0.005077949667689424
0.133610975389142,1.5490552266098752,0.030455706237847876,-0.23020501250930545,0.013261551289588199,0.005108073679399872
0.13440350140793056,1.5438961057536082,0.026698868758170544,-0.23053048114895955,0.01319602389242516,0.005130551680824792
0.13504955728478002,1.5388218581221365,0.022929251820700384,-0.23096191396891552,0.013113238967057149,0.005145438182207928
0.13555159517260387,1.533838177502585,0.019153347893268925,-0.23149819042358022,0.013013177521315651,0.005152803555769818
0.13591245891915413,1.5289506006165219,0.015377468393944365,-0.23213798049447018,0.012895968762128313,0.005152733216391818
0.13613532661196132,1.52416451167514,0.011607724680759705,-0.2328797577198985,0.012761880610065746,0.005145326698216934
0.1362236538699595,1.5194851456973821,0.007850013195913979,-0.23372181349519144,0.012611308382393535,0.005130696651559113
0.13618111912442532,1.5149175904578571,0.004110004694013276,-0.23466227226306766,0.012444762131423835,0.005108967785462236
0.13601157190569566,1.5104667870053687,0.0003931373561824724,-0.23569910721135146,0.012262853117096972,0.0050802757810436095
0.13571898491746334,1.5061375287596883,-0.0032953865110993247,-0.2368301561105679,0.012066279864243357,0.0050447661995086015
0.13530741045131361,1.5019344592511976,-0.006950600569633661,-0.23805313695427813,0.011855814210636273,0.005002593406606295
0.1347809414815557,1.4978620686136863,-0.010567771762009699,-0.23936566310666343,0.011632287696759612,0.004953919532520649
0.13414367759206589,1.4939246889744666,-0.014142395293668378,-0.24076525771099397,0.01139657858699439,0.004898913482983566
0.1333996957273871,1.4901264889084906,-0.017670187737777232,-0.24224936716545767,0.011149599748947747,0.004837750013976734
0.13255302563155988,1.4864714671353612,-0.021147078700990456,-0.24381537352600402,0.010892287556429688,0.004770608878959005
0.13160762973968265,1.4829634456415102,-0.02456920145948796,-0.24546060574658504,0.010625591924800316,0.004697674054283917
0.1305673872169497,1.479606062406025,-0.027932882936638086,-0.2471823497133408,0.010350467536891995,0.004619133045487744
0.12943608179472732,1.4764027638993433,-0.031234633349954875,-0.24897785706946654,0.010067866274511696,0.004535176274521622
0.1282173930293415,1.4733567975109094,-0.034471135808903375,-0.2508443528609413,0.00977873083504802,0.004445996545822564
